id,name,last-name,birth-date;
1,Rossi,Fabio,01/06/1990;
2,Gialli,Alessandro,02/07/1989;
3,Verdi,Alberto,03/08/1987;
1,Rossi,Fabio,01/06/1990;
2,Gialli,Alessandro,02/07/1989;
3,Verdi,Alberto,03/08/1987;
1,Rossi,Fabio,01/06/1990;
2,Gialli,Alessandro,02/07/1989;
3,Verdi,Alberto,03/08/1987;
1,Rossi,Fabio,01/06/1990;
2,Gialli,Alessandro,02/07/1989;
3,Verdi,Alberto,03/08/1987;
1,Rossi,Fabio,01/06/1990;
2,Gialli,Alessandro,02/07/1989;
3,Verdi,Alberto,03/08/1987;
1,Rossi,Fabio,01/06/1990;
2,Gialli,Alessandro,02/07/1989;
3,Verdi,Alberto,03/08/1987;
1,Rossi,Fabio,01/06/1990;
2,Gialli,Alessandro,02/07/1989;
3,Verdi,Alberto,03/08/1987;
1,Rossi,Fabio,01/06/1990;
2,Gialli,Alessandro,02/07/1989;
3,Verdi,Alberto,03/08/1987;
1,Rossi,Fabio,01/06/1990;
2,Gialli,Alessandro,02/07/1989;
3,Verdi,Alberto,03/08/1987;
1,Rossi,Fabio,01/06/1990;
2,Gialli,Alessandro,02/07/1989;
3,Verdi,Alberto,03/08/1987;
1,Rossi,Fabio,01/06/1990;
2,Gialli,Alessandro,02/07/1989;
3,Verdi,Alberto,03/08/1987;
1,Rossi,Fabio,01/06/1990;
2,Gialli,Alessandro,02/07/1989;
3,Verdi,Alberto,03/08/1987;
1,Rossi,Fabio,01/06/1990;
2,Gialli,Alessandro,02/07/1989;
3,Verdi,Alberto,03/08/1987;
1,Rossi,Fabio,01/06/1990;
2,Gialli,Alessandro,02/07/1989;
3,Verdi,Alberto,03/08/1987;
1,Rossi,Fabio,01/06/1990;
2,Gialli,Alessandro,02/07/1989;
3,Verdi,Alberto,03/08/1987;
1,Rossi,Fabio,01/06/1990;
2,Gialli,Alessandro,02/07/1989;
3,Verdi,Alberto,03/08/1987;
1,Rossi,Fabio,01/06/1990;
2,Gialli,Alessandro,02/07/1989;
3,Verdi,Alberto,03/08/1987;
1,Rossi,Fabio,01/06/1990;
2,Gialli,Alessandro,02/07/1989;
3,Verdi,Alberto,03/08/1987;
1,Rossi,Fabio,01/06/1990;
2,Gialli,Alessandro,02/07/1989;
3,Verdi,Alberto,03/08/1987;
1,Rossi,Fabio,01/06/1990;
2,Gialli,Alessandro,02/07/1989;
3,Verdi,Alberto,03/08/1987;
1,Rossi,Fabio,01/06/1990;
2,Gialli,Alessandro,02/07/1989;
3,Verdi,Alberto,03/08/1987;
1,Rossi,Fabio,01/06/1990;
2,Gialli,Alessandro,02/07/1989;
3,Verdi,Alberto,03/08/1987;
1,Rossi,Fabio,01/06/1990;
2,Gialli,Alessandro,02/07/1989;
3,Verdi,Alberto,03/08/1987;
1,Rossi,Fabio,01/06/1990;
2,Gialli,Alessandro,02/07/1989;
3,Verdi,Alberto,03/08/1987;
1,Rossi,Fabio,01/06/1990;
2,Gialli,Alessandro,02/07/1989;
3,Verdi,Alberto,03/08/1987;
1,Rossi,Fabio,01/06/1990;
2,Gialli,Alessandro,02/07/1989;
3,Verdi,Alberto,03/08/1987;
1,Rossi,Fabio,01/06/1990;
2,Gialli,Alessandro,02/07/1989;
3,Verdi,Alberto,03/08/1987;
1,Rossi,Fabio,01/06/1990;
2,Gialli,Alessandro,02/07/1989;
3,Verdi,Alberto,03/08/1987;
1,Rossi,Fabio,01/06/1990;
2,Gialli,Alessandro,02/07/1989;
3,Verdi,Alberto,03/08/1987;
1,Rossi,Fabio,01/06/1990;
2,Gialli,Alessandro,02/07/1989;
3,Verdi,Alberto,03/08/1987;
1,Rossi,Fabio,01/06/1990;
2,Gialli,Alessandro,02/07/1989;
3,Verdi,Alberto,03/08/1987;
1,Rossi,Fabio,01/06/1990;
2,Gialli,Alessandro,02/07/1989;
3,Verdi,Alberto,03/08/1987;
1,Rossi,Fabio,01/06/1990;
2,Gialli,Alessandro,02/07/1989;
3,Verdi,Alberto,03/08/1987;
1,Rossi,Fabio,01/06/1990;
2,Gialli,Alessandro,02/07/1989;
3,Verdi,Alberto,03/08/1987;
1,Rossi,Fabio,01/06/1990;
2,Gialli,Alessandro,02/07/1989;
3,Verdi,Alberto,03/08/1987;
1,Rossi,Fabio,01/06/1990;
2,Gialli,Alessandro,02/07/1989;
3,Verdi,Alberto,03/08/1987;
1,Rossi,Fabio,01/06/1990;
2,Gialli,Alessandro,02/07/1989;
3,Verdi,Alberto,03/08/1987;
1,Rossi,Fabio,01/06/1990;
2,Gialli,Alessandro,02/07/1989;
3,Verdi,Alberto,03/08/1987;
1,Rossi,Fabio,01/06/1990;
2,Gialli,Alessandro,02/07/1989;
3,Verdi,Alberto,03/08/1987;
1,Rossi,Fabio,01/06/1990;
2,Gialli,Alessandro,02/07/1989;
3,Verdi,Alberto,03/08/1987;
1,Rossi,Fabio,01/06/1990;
2,Gialli,Alessandro,02/07/1989;
3,Verdi,Alberto,03/08/1987;
1,Rossi,Fabio,01/06/1990;
2,Gialli,Alessandro,02/07/1989;
3,Verdi,Alberto,03/08/1987;
1,Rossi,Fabio,01/06/1990;
2,Gialli,Alessandro,02/07/1989;
3,Verdi,Alberto,03/08/1987;
1,Rossi,Fabio,01/06/1990;
2,Gialli,Alessandro,02/07/1989;
3,Verdi,Alberto,03/08/1987;
1,Rossi,Fabio,01/06/1990;
2,Gialli,Alessandro,02/07/1989;
3,Verdi,Alberto,03/08/1987;
1,Rossi,Fabio,01/06/1990;
2,Gialli,Alessandro,02/07/1989;
3,Verdi,Alberto,03/08/1987;
1,Rossi,Fabio,01/06/1990;
2,Gialli,Alessandro,02/07/1989;
3,Verdi,Alberto,03/08/1987;
1,Rossi,Fabio,01/06/1990;
2,Gialli,Alessandro,02/07/1989;
3,Verdi,Alberto,03/08/1987;
1,Rossi,Fabio,01/06/1990;
2,Gialli,Alessandro,02/07/1989;
3,Verdi,Alberto,03/08/1987;
1,Rossi,Fabio,01/06/1990;
2,Gialli,Alessandro,02/07/1989;
3,Verdi,Alberto,03/08/1987;
1,Rossi,Fabio,01/06/1990;
2,Gialli,Alessandro,02/07/1989;
3,Verdi,Alberto,03/08/1987;
1,Rossi,Fabio,01/06/1990;
2,Gialli,Alessandro,02/07/1989;
3,Verdi,Alberto,03/08/1987;
1,Rossi,Fabio,01/06/1990;
2,Gialli,Alessandro,02/07/1989;
3,Verdi,Alberto,03/08/1987;
1,Rossi,Fabio,01/06/1990;
2,Gialli,Alessandro,02/07/1989;
3,Verdi,Alberto,03/08/1987;
1,Rossi,Fabio,01/06/1990;
2,Gialli,Alessandro,02/07/1989;
3,Verdi,Alberto,03/08/1987;
1,Rossi,Fabio,01/06/1990;
2,Gialli,Alessandro,02/07/1989;
3,Verdi,Alberto,03/08/1987;
1,Rossi,Fabio,01/06/1990;
2,Gialli,Alessandro,02/07/1989;
3,Verdi,Alberto,03/08/1987;
1,Rossi,Fabio,01/06/1990;
2,Gialli,Alessandro,02/07/1989;
3,Verdi,Alberto,03/08/1987;
1,Rossi,Fabio,01/06/1990;
2,Gialli,Alessandro,02/07/1989;
3,Verdi,Alberto,03/08/1987;
1,Rossi,Fabio,01/06/1990;
2,Gialli,Alessandro,02/07/1989;
3,Verdi,Alberto,03/08/1987;
1,Rossi,Fabio,01/06/1990;
2,Gialli,Alessandro,02/07/1989;
3,Verdi,Alberto,03/08/1987;
1,Rossi,Fabio,01/06/1990;
2,Gialli,Alessandro,02/07/1989;
3,Verdi,Alberto,03/08/1987;
1,Rossi,Fabio,01/06/1990;
2,Gialli,Alessandro,02/07/1989;
3,Verdi,Alberto,03/08/1987;
1,Rossi,Fabio,01/06/1990;
2,Gialli,Alessandro,02/07/1989;
3,Verdi,Alberto,03/08/1987;
1,Rossi,Fabio,01/06/1990;
2,Gialli,Alessandro,02/07/1989;
3,Verdi,Alberto,03/08/1987;
1,Rossi,Fabio,01/06/1990;
2,Gialli,Alessandro,02/07/1989;
3,Verdi,Alberto,03/08/1987;
1,Rossi,Fabio,01/06/1990;
2,Gialli,Alessandro,02/07/1989;
3,Verdi,Alberto,03/08/1987;
1,Rossi,Fabio,01/06/1990;
2,Gialli,Alessandro,02/07/1989;
3,Verdi,Alberto,03/08/1987;
1,Rossi,Fabio,01/06/1990;
2,Gialli,Alessandro,02/07/1989;
3,Verdi,Alberto,03/08/1987;
1,Rossi,Fabio,01/06/1990;
2,Gialli,Alessandro,02/07/1989;
3,Verdi,Alberto,03/08/1987;
1,Rossi,Fabio,01/06/1990;
2,Gialli,Alessandro,02/07/1989;
3,Verdi,Alberto,03/08/1987;
1,Rossi,Fabio,01/06/1990;
2,Gialli,Alessandro,02/07/1989;
3,Verdi,Alberto,03/08/1987;
1,Rossi,Fabio,01/06/1990;
2,Gialli,Alessandro,02/07/1989;
3,Verdi,Alberto,03/08/1987;
1,Rossi,Fabio,01/06/1990;
2,Gialli,Alessandro,02/07/1989;
3,Verdi,Alberto,03/08/1987;
1,Rossi,Fabio,01/06/1990;
2,Gialli,Alessandro,02/07/1989;
3,Verdi,Alberto,03/08/1987;
1,Rossi,Fabio,01/06/1990;
2,Gialli,Alessandro,02/07/1989;
3,Verdi,Alberto,03/08/1987;
1,Rossi,Fabio,01/06/1990;
2,Gialli,Alessandro,02/07/1989;
3,Verdi,Alberto,03/08/1987;
1,Rossi,Fabio,01/06/1990;
2,Gialli,Alessandro,02/07/1989;
3,Verdi,Alberto,03/08/1987;
1,Rossi,Fabio,01/06/1990;
2,Gialli,Alessandro,02/07/1989;
3,Verdi,Alberto,03/08/1987;
1,Rossi,Fabio,01/06/1990;
2,Gialli,Alessandro,02/07/1989;
3,Verdi,Alberto,03/08/1987;
1,Rossi,Fabio,01/06/1990;
2,Gialli,Alessandro,02/07/1989;
3,Verdi,Alberto,03/08/1987;
1,Rossi,Fabio,01/06/1990;
2,Gialli,Alessandro,02/07/1989;
3,Verdi,Alberto,03/08/1987;
1,Rossi,Fabio,01/06/1990;
2,Gialli,Alessandro,02/07/1989;
3,Verdi,Alberto,03/08/1987;
1,Rossi,Fabio,01/06/1990;
2,Gialli,Alessandro,02/07/1989;
3,Verdi,Alberto,03/08/1987;
1,Rossi,Fabio,01/06/1990;
2,Gialli,Alessandro,02/07/1989;
3,Verdi,Alberto,03/08/1987;
1,Rossi,Fabio,01/06/1990;
2,Gialli,Alessandro,02/07/1989;
3,Verdi,Alberto,03/08/1987;
1,Rossi,Fabio,01/06/1990;
2,Gialli,Alessandro,02/07/1989;
3,Verdi,Alberto,03/08/1987;
1,Rossi,Fabio,01/06/1990;
2,Gialli,Alessandro,02/07/1989;
3,Verdi,Alberto,03/08/1987;
1,Rossi,Fabio,01/06/1990;
2,Gialli,Alessandro,02/07/1989;
3,Verdi,Alberto,03/08/1987;
1,Rossi,Fabio,01/06/1990;
2,Gialli,Alessandro,02/07/1989;
3,Verdi,Alberto,03/08/1987;
1,Rossi,Fabio,01/06/1990;
2,Gialli,Alessandro,02/07/1989;
3,Verdi,Alberto,03/08/1987;
1,Rossi,Fabio,01/06/1990;
2,Gialli,Alessandro,02/07/1989;
3,Verdi,Alberto,03/08/1987;
1,Rossi,Fabio,01/06/1990;
2,Gialli,Alessandro,02/07/1989;
3,Verdi,Alberto,03/08/1987;
1,Rossi,Fabio,01/06/1990;
2,Gialli,Alessandro,02/07/1989;
3,Verdi,Alberto,03/08/1987;
1,Rossi,Fabio,01/06/1990;
2,Gialli,Alessandro,02/07/1989;
3,Verdi,Alberto,03/08/1987;
1,Rossi,Fabio,01/06/1990;
2,Gialli,Alessandro,02/07/1989;
3,Verdi,Alberto,03/08/1987;
1,Rossi,Fabio,01/06/1990;
2,Gialli,Alessandro,02/07/1989;
3,Verdi,Alberto,03/08/1987;
1,Rossi,Fabio,01/06/1990;
2,Gialli,Alessandro,02/07/1989;
3,Verdi,Alberto,03/08/1987;
1,Rossi,Fabio,01/06/1990;
2,Gialli,Alessandro,02/07/1989;
3,Verdi,Alberto,03/08/1987;
1,Rossi,Fabio,01/06/1990;
2,Gialli,Alessandro,02/07/1989;
3,Verdi,Alberto,03/08/1987;
1,Rossi,Fabio,01/06/1990;
2,Gialli,Alessandro,02/07/1989;
3,Verdi,Alberto,03/08/1987;
1,Rossi,Fabio,01/06/1990;
2,Gialli,Alessandro,02/07/1989;
3,Verdi,Alberto,03/08/1987;
1,Rossi,Fabio,01/06/1990;
2,Gialli,Alessandro,02/07/1989;
3,Verdi,Alberto,03/08/1987;
1,Rossi,Fabio,01/06/1990;
2,Gialli,Alessandro,02/07/1989;
3,Verdi,Alberto,03/08/1987;
1,Rossi,Fabio,01/06/1990;
2,Gialli,Alessandro,02/07/1989;
3,Verdi,Alberto,03/08/1987;
1,Rossi,Fabio,01/06/1990;
2,Gialli,Alessandro,02/07/1989;
3,Verdi,Alberto,03/08/1987;
1,Rossi,Fabio,01/06/1990;
2,Gialli,Alessandro,02/07/1989;
3,Verdi,Alberto,03/08/1987;
1,Rossi,Fabio,01/06/1990;
2,Gialli,Alessandro,02/07/1989;
3,Verdi,Alberto,03/08/1987;
1,Rossi,Fabio,01/06/1990;
2,Gialli,Alessandro,02/07/1989;
3,Verdi,Alberto,03/08/1987;
1,Rossi,Fabio,01/06/1990;
2,Gialli,Alessandro,02/07/1989;
3,Verdi,Alberto,03/08/1987;
1,Rossi,Fabio,01/06/1990;
2,Gialli,Alessandro,02/07/1989;
3,Verdi,Alberto,03/08/1987;
1,Rossi,Fabio,01/06/1990;
2,Gialli,Alessandro,02/07/1989;
3,Verdi,Alberto,03/08/1987;